reservation_id,member_id,schedule_id,reservation_date,status,seat_number
5001,1001,4001,2026-08-01,CONFIRMED,12A
5002,1002,4002,2026-08-04,CONFIRMED,18C
5003,1003,4003,2026-08-07,CANCELLED,7D
5004,1004,4004,2026-08-12,CONFIRMED,22B
5005,1005,4005,2026-08-15,PENDING,9F
5006,1006,4002,2026-08-16,CANCELLED,15A
5007,1007,4005,2026-08-20,CONFIRMED,11C
5008,1008,4006,2026-08-22,CONFIRMED,4B
5009,1001,4003,2026-08-25,CONFIRMED,8A
5010,1002,4004,2026-08-26,CONFIRMED,21D
5011,1003,4001,2026-08-27,PENDING,14C
5012,1008,4005,2026-08-29,CONFIRMED,10A
