record_type,record_id,first_name,last_name,email,country_id,status,travel_id,destination,departure_date,return_date,price,schedule_id,arrival_time,reservation_id,seat_number
MEMBER,1101, Ananya ,Rao,ANANYA.RAO@example.org,1,ACTIVE,,,,,,,,,,
MEMBER,1102,Daniel,Klein,daniel.klein@example.org,999,ACTIVE,,,,,,,,,,
MEMBER,1103,,Shah,kiran.shah@example.org,1,ACTIVE,,,,,,,,,,
TRAVEL,2101,,,,,,,,Paris,2027-08-11,2027-08-01,1200.00,,,,,
TRAVEL,2102,,,,,,,,Tokyo,2027-07-03,2027-07-14,-1650.00,,,,,
SCHEDULE,4101,,,,,,,,,,,,4003,2027-07-03 05:00:00,,
RESERVATION,5101,,,,,,,,,,,,4001,,5101,12A
RESERVATION,5102,,,,,,,,,,,,999,,5102,14C
RESERVATION,5103,,,,,,,,,,,,4002,,5103,08C
