supplier_code,supplier_name,contact_name,phone,email,supplier_location,supplier_status,category_code,category_name,item_code,item_name,unit_of_measure,reorder_level,current_stock,order_number,order_date,delivery_date,order_status,quantity,unit_price
SUP001,"Acme Industrial Supplies ","Ravi Kumar","+91 98450-12345","RAVI.KUMAR@ACME.IN","Bengaluru, Karnataka","Active","CAT01","Office Supplies","ITM001","A4 Copy Paper","PACK",50,120,"PO1001","2026-03-15","2026-03-22","RECEIVED",40,285.00
SUP001,"Acme Industrial Supplies","Ravi Kumar","9845012345","ravi.kumar@acme.in ","Bengaluru, Karnataka","active","CAT01","Office Supplies","ITM002","Ballpoint Pens","BOX",30,80,"PO1001","15/03/2026","2026-03-22","RECEIVED",20,145.00
SUP002,"Vertex Tools & Hardware","Meena Shah","080-23456789","meena.shah@vertex.in","Pune, Maharashtra ","ACTIVE ","CAT02","Hardware","ITM003","Cordless Drill","EACH",10,18,"PO1002","Mar 15, 2026","2026-03-27","RECEIVED",8,4250.00
SUP002,"Vertex Tools & Hardware ","Meena Shah","08023456789","MEENA.SHAH@VERTEX.IN","Pune, Maharashtra","active","CAT02","Hardware","ITM004","Drill Bit Set","SET",15,35,"PO1002","2026-03-15","2026-03-27","RECEIVED",12,1180.00
SUP003,"GreenField Office Mart","Suresh Rao","+91-9988776655","suresh.rao@greenfield.in","Hyderabad, Telangana","Active","CAT01","Office Supplies","ITM005","Stapler Heavy Duty","EACH",8,14,"PO1003","16/03/2026","2026-03-24","APPROVED",6,560.00
SUP003,"GreenField Office Mart ","Suresh Rao","9988776655","SURESH.RAO@GREENFIELD.IN ","Hyderabad, Telangana ","active ","CAT03","Packaging","ITM006","Corrugated Box Large","PACK",25,60,"PO1004","2026-03-18","2026-03-25","RECEIVED",30,92.50
SUP004,"Northstar Components","Anita Menon","+91 98765 43210","anita.menon@northstar.in","Chennai, Tamil Nadu","ACTIVE","CAT04","Electrical","ITM007","LED Panel 40W","EACH",20,45,"PO1005","Mar 20, 2026","2026-03-31","RECEIVED",20,1325.00
SUP004,"Northstar Components ","Anita Menon","9876543210","ANITA.MENON@NORTHSTAR.IN","Chennai, Tamil Nadu","active","CAT04","Electrical","ITM008","Copper Cable 2.5mm","ROLL",10,16,"PO1005","2026-03-20","2026-03-31","RECEIVED",5,3850.00
SUP005,"Prime Industrial Packaging","Vikram Joshi","+91 91234-56789","vikram.joshi@primepack.in","Mumbai, Maharashtra","Active","CAT03","Packaging","ITM009","Stretch Film","ROLL",18,40,"PO1006","21/03/2026","2026-04-02","PENDING",10,740.00
SUP005,"Prime Industrial Packaging","Vikram Joshi","9123456789","VIKRAM.JOSHI@PRIMEPACK.IN","Mumbai, Maharashtra ","active","CAT03","Packaging","ITM010","Packaging Tape","BOX",20,55,"PO1006","2026-03-21","2026-04-02","PENDING",15,410.00
SUP001,"Acme Industrial Supplies","Ravi Kumar","+91 98450-12345","ravi.kumar@acme.in","Bengaluru, Karnataka","ACTIVE","CAT05","Cleaning","ITM011","Surface Cleaner 5L","CAN",12,9,"PO1007","22/03/2026","2026-03-29","RECEIVED",12,620.00
SUP002,"Vertex Tools & Hardware","Meena Shah","080-23456789","meena.shah@vertex.in","Pune, Maharashtra","Active","CAT02","Hardware","ITM003","Cordless Drill","EACH",10,18,"PO1008","2026-03-25","2026-04-05","PENDING",5,4190.00
SUP003,"GreenField Office Mart","Suresh Rao","+91 99887 76655","suresh.rao@greenfield.in","Hyderabad, Telangana","ACTIVE","CAT01","Office Supplies","ITM001","A4 Copy Paper","PACK",50,120,"PO1009","25/03/2026","2026-04-01","RECEIVED",60,279.00
SUP003,"GreenField Office Mart","Suresh Rao","+91 99887-76655","suresh.rao@greenfield.in","Hyderabad, Telangana","active","CAT01","Office Supplies","ITM002","Ballpoint Pens","BOX",30,80,"PO1009","Mar 25, 2026","2026-04-01","RECEIVED",25,138.00
SUP004,"Northstar Components","Anita Menon","09876543210","anita.menon@northstar.in","Chennai, Tamil Nadu","Active","CAT04","Electrical","ITM007","LED Panel 40W","EACH",20,45,"PO1010","2026-03-28","","APPROVED",15,1295.00
SUP004,"Northstar Components","Anita Menon","+91 98765-43210","anita.menon@northstar.in","Chennai, Tamil Nadu","active","CAT04","Electrical","ITM008","Copper Cable 2.5mm","ROLL",10,16,"PO1010","28/03/2026","","APPROVED",4,3790.00
SUP005,"Prime Industrial Packaging ","Vikram Joshi","+91 91234 56789","vikram.joshi@primepack.in","Mumbai, Maharashtra","ACTIVE","CAT03","Packaging","ITM009","Stretch Film","ROLL",18,40,"PO1011","Mar 30, 2026","2026-04-08","RECEIVED",20,715.00
SUP005,"Prime Industrial Packaging","Vikram Joshi","91234-56789","VIKRAM.JOSHI@PRIMEPACK.IN ","Mumbai, Maharashtra","active","CAT03","Packaging","ITM010","Packaging Tape","BOX",20,55,"PO1011","30/03/2026","2026-04-08","RECEIVED",30,395.00
SUP001,"Acme Industrial Supplies ","Ravi Kumar","+91 98450 12345","ravi.kumar@acme.in","Bengaluru, Karnataka","Active","CAT05","Cleaning","ITM011","Surface Cleaner 5L","CAN",12,9,"PO1012","2026-04-02","2026-04-12","CANCELLED",10,605.00
SUP002,"Vertex Tools & Hardware","Meena Shah","98450 12345","meena.shah@vertex.in","Pune, Maharashtra","ACTIVE","CAT02","Hardware","ITM004","Drill Bit Set","SET",15,35,"PO1013","05/04/2026","2026-04-14","PENDING",10,1165.00
